No,kelas,kategori,bulan,materi
1,Kelas Paud,Adab/ Tatakrama,Juli,Ta'dhim dan berbuat baik kepada orang tua
2,Kelas Paud,Adab/ Tatakrama,Agustus,Ta'dhim dan berbuat baik kepada orang tua
3,Kelas Paud,Adab/ Tatakrama,September,Menghormati yang lebih tua dan menyayangi yang muda
4,Kelas Paud,Adab/ Tatakrama,Oktober,Menghormati yang lebih tua dan menyayangi yang muda
5,Kelas Paud,Adab/ Tatakrama,November,Menghormati guru dan mubaligh-mubalighot
6,Kelas Paud,Adab/ Tatakrama,Desember,Bergaul dengan teman
7,Kelas Paud,Adab/ Tatakrama,Januari,Tata krama ketika di masjid
8,Kelas Paud,Adab/ Tatakrama,Februari,Tata krama ketika di masjid
9,Kelas Paud,Adab/ Tatakrama,Maret,Tata krama di tempat pengajian dan sekolah
10,Kelas Paud,Adab/ Tatakrama,April,Tata krama di tempat pengajian dan sekolah
11,Kelas Paud,Adab/ Tatakrama,Mei,Tata krama terhadap lingkungan dan alam sekitar
12,Kelas Paud,Adab/ Tatakrama,Juni,Tata krama terhadap lingkungan dan alam sekitar
13,Kelas 1,Adab/ Tatakrama,Juli,Ta'dhim dan berbuat baik kepada orang tua
14,Kelas 1,Adab/ Tatakrama,Agustus,Menghormati guru dan mubaligh-mubalighot
15,Kelas 1,Adab/ Tatakrama,September,Bergaul dengan teman
16,Kelas 1,Adab/ Tatakrama,Oktober,Tata krama terhadap ulil amri
17,Kelas 1,Adab/ Tatakrama,November,Tata krama bertamu/ diajak bertamu
18,Kelas 1,Adab/ Tatakrama,Desember,Tata krama berpakaian
19,Kelas 1,Adab/ Tatakrama,Januari,Tata krama ketika di masjid
20,Kelas 1,Adab/ Tatakrama,Februari,Tata krama di tempat pengajian dan sekolah
21,Kelas 1,Adab/ Tatakrama,Maret,Tata krama terhadap lingkungan dan alam sekitar
22,Kelas 1,Adab/ Tatakrama,April,Tata krama tidur
23,Kelas 1,Adab/ Tatakrama,Mei,Tata krama ketika menguap
24,Kelas 1,Adab/ Tatakrama,Juni,Tata krama ketika bersin
25,Kelas 2,Adab/ Tatakrama,Juli,Ta'dhim dan berbuat baik kepada orang tua
26,Kelas 2,Adab/ Tatakrama,Agustus,Menghormati guru dan mubaligh-mubalighot
27,Kelas 2,Adab/ Tatakrama,September,Bergaul dengan teman
28,Kelas 2,Adab/ Tatakrama,Oktober,Tata krama terhadap ulil amri
29,Kelas 2,Adab/ Tatakrama,November,Tata krama bertamu/ diajak bertamu
30,Kelas 2,Adab/ Tatakrama,Desember,Tata krama berpakaian
31,Kelas 2,Adab/ Tatakrama,Januari,Tata krama ketika di masjid
32,Kelas 2,Adab/ Tatakrama,Februari,Tata krama di tempat pengajian dan sekolah
33,Kelas 2,Adab/ Tatakrama,Maret,Tata krama terhadap lingkungan dan alam sekitar
34,Kelas 2,Adab/ Tatakrama,April,Tata krama tidur
35,Kelas 2,Adab/ Tatakrama,Mei,Tata krama ketika menguap
36,Kelas 2,Adab/ Tatakrama,Juni,Tata krama ketika bersin
37,Kelas 3,Adab/ Tatakrama,Juli,Ta'dhim dan berbuat baik kepada orang tua
38,Kelas 3,Adab/ Tatakrama,Agustus,Menghormati guru dan mubaligh-mubalighot
39,Kelas 3,Adab/ Tatakrama,September,Tata krama terhadap ulil amri
40,Kelas 3,Adab/ Tatakrama,Oktober,Tata krama berpakaian
41,Kelas 3,Adab/ Tatakrama,November,Tata krama terhadap kerabat
42,Kelas 3,Adab/ Tatakrama,Desember,Tata krama terhadap tetangga
43,Kelas 3,Adab/ Tatakrama,Januari,Tata krama ketika di masjid
44,Kelas 3,Adab/ Tatakrama,Februari,Tata krama terhadap lingkungan dan alam sekitar
45,Kelas 3,Adab/ Tatakrama,Maret,Tata krama ketika menguap
46,Kelas 3,Adab/ Tatakrama,April,Tata krama bersepeda
47,Kelas 3,Adab/ Tatakrama,Mei,Tata krama ketika makan bersama
48,Kelas 3,Adab/ Tatakrama,Juni,Tata krama mencari ilmu
49,Kelas 4,Adab/ Tatakrama,Juli,Ta'dhim dan berbuat baik kepada orang tua
50,Kelas 4,Adab/ Tatakrama,Agustus,Menghormati guru dan mubaligh-mubalighot
51,Kelas 4,Adab/ Tatakrama,September,Tata krama terhadap ulil amri
52,Kelas 4,Adab/ Tatakrama,Oktober,Tata krama berpakaian
53,Kelas 4,Adab/ Tatakrama,November,Tata krama terhadap kerabat
54,Kelas 4,Adab/ Tatakrama,Desember,Tata krama terhadap tetangga
55,Kelas 4,Adab/ Tatakrama,Januari,Tata krama ketika di masjid
56,Kelas 4,Adab/ Tatakrama,Februari,Tata krama terhadap lingkungan dan alam sekitar
57,Kelas 4,Adab/ Tatakrama,Maret,Tata krama ketika menguap
58,Kelas 4,Adab/ Tatakrama,April,Tata krama bersepeda
59,Kelas 4,Adab/ Tatakrama,Mei,Tata krama ketika makan bersama
60,Kelas 4,Adab/ Tatakrama,Juni,Tata krama mencari ilmu
61,Kelas 5,Adab/ Tatakrama,Juli,Ta'dhim dan berbuat baik kepada orang tua
62,Kelas 5,Adab/ Tatakrama,Agustus,Menghormati guru dan mubaligh-mubalighot
63,Kelas 5,Adab/ Tatakrama,September,Tata krama terhadap ulil amri
64,Kelas 5,Adab/ Tatakrama,Oktober,Tata krama berpakaian
65,Kelas 5,Adab/ Tatakrama,November,Tata krama terhadap kerabat
66,Kelas 5,Adab/ Tatakrama,Desember,Tata krama terhadap tetangga
67,Kelas 5,Adab/ Tatakrama,Januari,Tata krama ketika di masjid
68,Kelas 5,Adab/ Tatakrama,Februari,Tata krama terhadap lingkungan dan alam sekitar
69,Kelas 5,Adab/ Tatakrama,Maret,Tata krama ketika menguap
70,Kelas 5,Adab/ Tatakrama,April,Tata krama bersepeda
71,Kelas 5,Adab/ Tatakrama,Mei,Tata krama ketika makan bersama
72,Kelas 5,Adab/ Tatakrama,Juni,Tata krama mencari ilmu
73,Kelas 6,Adab/ Tatakrama,Juli,Ta'dhim dan berbuat baik kepada orang tua
74,Kelas 6,Adab/ Tatakrama,Agustus,Menghormati guru dan mubaligh-mubalighot
75,Kelas 6,Adab/ Tatakrama,September,Tata krama terhadap ulil amri
76,Kelas 6,Adab/ Tatakrama,Oktober,Tata krama berpakaian
77,Kelas 6,Adab/ Tatakrama,November,Tata krama terhadap kerabat
78,Kelas 6,Adab/ Tatakrama,Desember,Tata krama terhadap tetangga
79,Kelas 6,Adab/ Tatakrama,Januari,Tata krama ketika di masjid
80,Kelas 6,Adab/ Tatakrama,Februari,Tata krama terhadap lingkungan dan alam sekitar
81,Kelas 6,Adab/ Tatakrama,Maret,Tata krama ketika menguap
82,Kelas 6,Adab/ Tatakrama,April,Tata krama bersepeda
83,Kelas 6,Adab/ Tatakrama,Mei,Tata krama ketika makan bersama
84,Kelas 6,Adab/ Tatakrama,Juni,Tata krama mencari ilmu
85,Kelas Paud,Akhlaq,Juli,Pribadi
86,Kelas Paud,Akhlaq,Agustus,Pribadi
87,Kelas Paud,Akhlaq,September,Keluarga
88,Kelas Paud,Akhlaq,Oktober,Keluarga
89,Kelas Paud,Akhlaq,November,"Ulil Amri, Guru, dan Mubaligh-Mubalighot"
90,Kelas Paud,Akhlaq,Desember,"Ulil Amri, Guru, dan Mubaligh-Mubalighot"
91,Kelas Paud,Akhlaq,Januari,Masyarakat
92,Kelas Paud,Akhlaq,Februari,Masyarakat
93,Kelas Paud,Akhlaq,Maret,Masyarakat
94,Kelas Paud,Akhlaq,April,Lingkungan dan alam sekitar
95,Kelas Paud,Akhlaq,Mei,Lingkungan dan alam sekitar
96,Kelas Paud,Akhlaq,Juni,Lingkungan dan alam sekitar
97,Kelas 1,Akhlaq,Juli,Pribadi
98,Kelas 1,Akhlaq,Agustus,Pribadi
99,Kelas 1,Akhlaq,September,Keluarga
100,Kelas 1,Akhlaq,Oktober,Keluarga
101,Kelas 1,Akhlaq,November,"Ulil Amri, Guru, dan Mubaligh-Mubalighot"
102,Kelas 1,Akhlaq,Desember,"Ulil Amri, Guru, dan Mubaligh-Mubalighot"
103,Kelas 1,Akhlaq,Januari,Masyarakat
104,Kelas 1,Akhlaq,Februari,Masyarakat
105,Kelas 1,Akhlaq,Maret,Masyarakat
106,Kelas 1,Akhlaq,April,Lingkungan dan alam sekitar
107,Kelas 1,Akhlaq,Mei,Lingkungan dan alam sekitar
108,Kelas 1,Akhlaq,Juni,Lingkungan dan alam sekitar
109,Kelas 2,Akhlaq,Juli,Pribadi
110,Kelas 2,Akhlaq,Agustus,Pribadi
111,Kelas 2,Akhlaq,September,Keluarga
112,Kelas 2,Akhlaq,Oktober,Keluarga
113,Kelas 2,Akhlaq,November,"Ulil Amri, Guru, dan Mubaligh-Mubalighot"
114,Kelas 2,Akhlaq,Desember,"Ulil Amri, Guru, dan Mubaligh-Mubalighot"
115,Kelas 2,Akhlaq,Januari,Masyarakat
116,Kelas 2,Akhlaq,Februari,Masyarakat
117,Kelas 2,Akhlaq,Maret,Masyarakat
118,Kelas 2,Akhlaq,April,Lingkungan dan alam sekitar
119,Kelas 2,Akhlaq,Mei,Lingkungan dan alam sekitar
120,Kelas 2,Akhlaq,Juni,Lingkungan dan alam sekitar
121,Kelas 3,Akhlaq,Juli,Pribadi
122,Kelas 3,Akhlaq,Agustus,Pribadi
123,Kelas 3,Akhlaq,September,Keluarga
124,Kelas 3,Akhlaq,Oktober,Keluarga
125,Kelas 3,Akhlaq,November,"Ulil Amri, Guru, dan Mubaligh-Mubalighot"
126,Kelas 3,Akhlaq,Desember,"Ulil Amri, Guru, dan Mubaligh-Mubalighot"
127,Kelas 3,Akhlaq,Januari,Masyarakat
128,Kelas 3,Akhlaq,Februari,Masyarakat
129,Kelas 3,Akhlaq,Maret,Masyarakat
130,Kelas 3,Akhlaq,April,Lingkungan dan alam sekitar
131,Kelas 3,Akhlaq,Mei,Lingkungan dan alam sekitar
132,Kelas 3,Akhlaq,Juni,Lingkungan dan alam sekitar
133,Kelas 4,Akhlaq,Juli,Pribadi
134,Kelas 4,Akhlaq,Agustus,Pribadi
135,Kelas 4,Akhlaq,September,Keluarga
136,Kelas 4,Akhlaq,Oktober,Keluarga
137,Kelas 4,Akhlaq,November,"Ulil Amri, Guru, dan Mubaligh-Mubalighot"
138,Kelas 4,Akhlaq,Desember,"Ulil Amri, Guru, dan Mubaligh-Mubalighot"
139,Kelas 4,Akhlaq,Januari,Masyarakat
140,Kelas 4,Akhlaq,Februari,Masyarakat
141,Kelas 4,Akhlaq,Maret,Masyarakat
142,Kelas 4,Akhlaq,April,Lingkungan dan alam sekitar
143,Kelas 4,Akhlaq,Mei,Lingkungan dan alam sekitar
144,Kelas 4,Akhlaq,Juni,Lingkungan dan alam sekitar
145,Kelas 5,Akhlaq,Juli,Pribadi
146,Kelas 5,Akhlaq,Agustus,Pribadi
147,Kelas 5,Akhlaq,September,Keluarga
148,Kelas 5,Akhlaq,Oktober,Keluarga
149,Kelas 5,Akhlaq,November,"Ulil Amri, Guru, dan Mubaligh-Mubalighot"
150,Kelas 5,Akhlaq,Desember,"Ulil Amri, Guru, dan Mubaligh-Mubalighot"
151,Kelas 5,Akhlaq,Januari,Masyarakat
152,Kelas 5,Akhlaq,Februari,Masyarakat
153,Kelas 5,Akhlaq,Maret,Masyarakat
154,Kelas 5,Akhlaq,April,Lingkungan dan alam sekitar
155,Kelas 5,Akhlaq,Mei,Lingkungan dan alam sekitar
156,Kelas 5,Akhlaq,Juni,Lingkungan dan alam sekitar
157,Kelas 6,Akhlaq,Juli,Pribadi
158,Kelas 6,Akhlaq,Agustus,Pribadi
159,Kelas 6,Akhlaq,September,Keluarga
160,Kelas 6,Akhlaq,Oktober,Keluarga
161,Kelas 6,Akhlaq,November,"Ulil Amri, Guru, dan Mubaligh-Mubalighot"
162,Kelas 6,Akhlaq,Desember,"Ulil Amri, Guru, dan Mubaligh-Mubalighot"
163,Kelas 6,Akhlaq,Januari,Masyarakat
164,Kelas 6,Akhlaq,Februari,Masyarakat
165,Kelas 6,Akhlaq,Maret,Masyarakat
166,Kelas 6,Akhlaq,April,Lingkungan dan alam sekitar
167,Kelas 6,Akhlaq,Mei,Lingkungan dan alam sekitar
168,Kelas 6,Akhlaq,Juni,Lingkungan dan alam sekitar
169,Kelas Paud,Mandiri,Juli,Kemandirian pribadi
170,Kelas Paud,Mandiri,Agustus,Kemandirian pribadi
171,Kelas Paud,Mandiri,September,Kemandirian pribadi
172,Kelas Paud,Mandiri,Oktober,Kemandirian dalam keluarga
173,Kelas Paud,Mandiri,November,Kemandirian dalam keluarga
174,Kelas Paud,Mandiri,Desember,Kemandirian dalam keluarga
175,Kelas Paud,Mandiri,Januari,Kemandirian dalam lingkungan Jama'ah dan sekolah
176,Kelas Paud,Mandiri,Februari,Kemandirian dalam lingkungan Jama'ah dan sekolah
177,Kelas Paud,Mandiri,Maret,Kemandirian dalam lingkungan Jama'ah dan sekolah
178,Kelas Paud,Mandiri,April,Kemandirian dalam lingkungan Jama'ah dan sekolah
179,Kelas Paud,Mandiri,Mei,Kemandirian dalam lingkungan Jama'ah dan sekolah
180,Kelas Paud,Mandiri,Juni,Kemandirian dalam lingkungan Jama'ah dan sekolah
181,Kelas 1,Mandiri,Juli,Kemandirian pribadi
182,Kelas 1,Mandiri,Agustus,Kemandirian pribadi
183,Kelas 1,Mandiri,September,Kemandirian pribadi
184,Kelas 1,Mandiri,Oktober,Kemandirian dalam keluarga
185,Kelas 1,Mandiri,November,Kemandirian dalam keluarga
186,Kelas 1,Mandiri,Desember,Kemandirian dalam keluarga
187,Kelas 1,Mandiri,Januari,Kemandirian dalam lingkungan Jama'ah dan sekolah
188,Kelas 1,Mandiri,Februari,Kemandirian dalam lingkungan Jama'ah dan sekolah
189,Kelas 1,Mandiri,Maret,Kemandirian dalam lingkungan Jama'ah dan sekolah
190,Kelas 1,Mandiri,April,Kemandirian dalam lingkungan Jama'ah dan sekolah
191,Kelas 1,Mandiri,Mei,Kemandirian dalam lingkungan Jama'ah dan sekolah
192,Kelas 1,Mandiri,Juni,Kemandirian dalam lingkungan Jama'ah dan sekolah
193,Kelas 2,Mandiri,Juli,Kemandirian pribadi
194,Kelas 2,Mandiri,Agustus,Kemandirian pribadi
195,Kelas 2,Mandiri,September,Kemandirian pribadi
196,Kelas 2,Mandiri,Oktober,Kemandirian dalam keluarga
197,Kelas 2,Mandiri,November,Kemandirian dalam keluarga
198,Kelas 2,Mandiri,Desember,Kemandirian dalam keluarga
199,Kelas 2,Mandiri,Januari,Kemandirian dalam lingkungan Jama'ah dan sekolah
200,Kelas 2,Mandiri,Februari,Kemandirian dalam lingkungan Jama'ah dan sekolah
201,Kelas 2,Mandiri,Maret,Kemandirian dalam lingkungan Jama'ah dan sekolah
202,Kelas 2,Mandiri,April,Kemandirian dalam lingkungan Jama'ah dan sekolah
203,Kelas 2,Mandiri,Mei,Kemandirian dalam lingkungan Jama'ah dan sekolah
204,Kelas 2,Mandiri,Juni,Kemandirian dalam lingkungan Jama'ah dan sekolah
205,Kelas 3,Mandiri,Juli,Kemandirian pribadi
206,Kelas 3,Mandiri,Agustus,Kemandirian pribadi
207,Kelas 3,Mandiri,September,Kemandirian pribadi
208,Kelas 3,Mandiri,Oktober,Kemandirian dalam keluarga
209,Kelas 3,Mandiri,November,Kemandirian dalam keluarga
210,Kelas 3,Mandiri,Desember,Kemandirian dalam keluarga
211,Kelas 3,Mandiri,Januari,Kemandirian dalam lingkungan Jama'ah dan sekolah
212,Kelas 3,Mandiri,Februari,Kemandirian dalam lingkungan Jama'ah dan sekolah
213,Kelas 3,Mandiri,Maret,Kemandirian dalam lingkungan Jama'ah dan sekolah
214,Kelas 3,Mandiri,April,Kemandirian dalam lingkungan Jama'ah dan sekolah
215,Kelas 3,Mandiri,Mei,Kemandirian dalam lingkungan Jama'ah dan sekolah
216,Kelas 3,Mandiri,Juni,Kemandirian dalam lingkungan Jama'ah dan sekolah
217,Kelas 4,Mandiri,Juli,Kemandirian pribadi
218,Kelas 4,Mandiri,Agustus,Kemandirian pribadi
219,Kelas 4,Mandiri,September,Kemandirian pribadi
220,Kelas 4,Mandiri,Oktober,Kemandirian dalam keluarga
221,Kelas 4,Mandiri,November,Kemandirian dalam keluarga
222,Kelas 4,Mandiri,Desember,Kemandirian dalam keluarga
223,Kelas 4,Mandiri,Januari,Kemandirian dalam lingkungan Jama'ah dan sekolah
224,Kelas 4,Mandiri,Februari,Kemandirian dalam lingkungan Jama'ah dan sekolah
225,Kelas 4,Mandiri,Maret,Kemandirian dalam lingkungan Jama'ah dan sekolah
226,Kelas 4,Mandiri,April,Kemandirian dalam lingkungan Jama'ah dan sekolah
227,Kelas 4,Mandiri,Mei,Kemandirian dalam lingkungan Jama'ah dan sekolah
228,Kelas 4,Mandiri,Juni,Kemandirian dalam lingkungan Jama'ah dan sekolah
229,Kelas 5,Mandiri,Juli,Kemandirian pribadi
230,Kelas 5,Mandiri,Agustus,Kemandirian pribadi
231,Kelas 5,Mandiri,September,Kemandirian pribadi
232,Kelas 5,Mandiri,Oktober,Kemandirian dalam keluarga
233,Kelas 5,Mandiri,November,Kemandirian dalam keluarga
234,Kelas 5,Mandiri,Desember,Kemandirian dalam keluarga
235,Kelas 5,Mandiri,Januari,Kemandirian dalam lingkungan Jama'ah dan sekolah
236,Kelas 5,Mandiri,Februari,Kemandirian dalam lingkungan Jama'ah dan sekolah
237,Kelas 5,Mandiri,Maret,Kemandirian dalam lingkungan Jama'ah dan sekolah
238,Kelas 5,Mandiri,April,Kemandirian dalam lingkungan Jama'ah dan sekolah
239,Kelas 5,Mandiri,Mei,Kemandirian dalam lingkungan Jama'ah dan sekolah
240,Kelas 5,Mandiri,Juni,Kemandirian dalam lingkungan Jama'ah dan sekolah
241,Kelas 6,Mandiri,Juli,Kemandirian pribadi
242,Kelas 6,Mandiri,Agustus,Kemandirian pribadi
243,Kelas 6,Mandiri,September,Kemandirian pribadi
244,Kelas 6,Mandiri,Oktober,Kemandirian dalam keluarga
245,Kelas 6,Mandiri,November,Kemandirian dalam keluarga
246,Kelas 6,Mandiri,Desember,Kemandirian dalam keluarga
247,Kelas 6,Mandiri,Januari,Kemandirian dalam lingkungan Jama'ah dan sekolah
248,Kelas 6,Mandiri,Februari,Kemandirian dalam lingkungan Jama'ah dan sekolah
249,Kelas 6,Mandiri,Maret,Kemandirian dalam lingkungan Jama'ah dan sekolah
250,Kelas 6,Mandiri,April,Kemandirian dalam lingkungan Jama'ah dan sekolah
251,Kelas 6,Mandiri,Mei,Kemandirian dalam lingkungan Jama'ah dan sekolah
252,Kelas 6,Mandiri,Juni,Kemandirian dalam lingkungan Jama'ah dan sekolah
253,Kelas Paud,Hafalan Surat Al Qur'an,Juli,Surat Al Fatihah
254,Kelas Paud,Hafalan Surat Al Qur'an,Agustus,Surat An Nas
255,Kelas Paud,Hafalan Surat Al Qur'an,September,Surat Al Falaq
256,Kelas Paud,Hafalan Surat Al Qur'an,Oktober,Surat Al Falaq
257,Kelas Paud,Hafalan Surat Al Qur'an,November,Surat Al Ikhlas
258,Kelas Paud,Hafalan Surat Al Qur'an,Desember,Surat Al Ikhlas
259,Kelas Paud,Hafalan Surat Al Qur'an,Januari,Surat Al Lahab
260,Kelas Paud,Hafalan Surat Al Qur'an,Februari,Surat Al Lahab
261,Kelas Paud,Hafalan Surat Al Qur'an,Maret,Surat An Nasr
262,Kelas Paud,Hafalan Surat Al Qur'an,April,Surat An Nasr
263,Kelas Paud,Hafalan Surat Al Qur'an,Mei,Surat Al Kafirun
264,Kelas Paud,Hafalan Surat Al Qur'an,Juni,Surat Al Kafirun
265,Kelas Paud,Hafalan Doa Harian,Juli,Asmaul Husna 1 - 20
266,Kelas Paud,Hafalan Doa Harian,Agustus,Asmaul Husna 1 - 20
267,Kelas Paud,Hafalan Doa Harian,September,Do'a akan dan bangun tidur
268,Kelas Paud,Hafalan Doa Harian,Oktober,Do'a akan dan bangun tidur
269,Kelas Paud,Hafalan Doa Harian,November,Do'a akan dan selesai makan
270,Kelas Paud,Hafalan Doa Harian,Desember,Do'a akan dan selesai makan
271,Kelas Paud,Hafalan Doa Harian,Januari,Doa Kebaikan Dunia dan Akhirat
272,Kelas Paud,Hafalan Doa Harian,Februari,Doa Kebaikan Dunia dan Akhirat
273,Kelas Paud,Hafalan Doa Harian,Maret,Do'a untuk kedua orang tua
274,Kelas Paud,Hafalan Doa Harian,April,Do'a untuk kedua orang tua
275,Kelas Paud,Hafalan Doa Harian,Mei,Do'a masuk dan keluar WC
276,Kelas Paud,Hafalan Doa Harian,Juni,Do'a masuk dan keluar WC
277,Kelas 1,Hafalan Surat Al Qur'an,Juli,Surat Al Kautsar
278,Kelas 1,Hafalan Surat Al Qur'an,Agustus,Surat Al Kautsar
279,Kelas 1,Hafalan Surat Al Qur'an,September,Surat Al Maun
280,Kelas 1,Hafalan Surat Al Qur'an,Oktober,Surat Al Maun
281,Kelas 1,Hafalan Surat Al Qur'an,November,Surat Quroisy
282,Kelas 1,Hafalan Surat Al Qur'an,Desember,Surat Quroisy
283,Kelas 1,Hafalan Surat Al Qur'an,Januari,Surat Al Fiil
284,Kelas 1,Hafalan Surat Al Qur'an,Februari,Surat Al Fiil
285,Kelas 1,Hafalan Surat Al Qur'an,Maret,Surat Al Humazah
286,Kelas 1,Hafalan Surat Al Qur'an,April,Surat Al Humazah
287,Kelas 1,Hafalan Surat Al Qur'an,Mei,Surat Al Asr
288,Kelas 1,Hafalan Surat Al Qur'an,Juni,Surat Al Asr
289,Kelas 1,Hafalan Doa Harian,Juli,Asmaul Husna 1 - 30
290,Kelas 1,Hafalan Doa Harian,Agustus,Do'a dan dzikir sesudah sholat
291,Kelas 1,Hafalan Doa Harian,September,Do'a ketetapan iman
292,Kelas 1,Hafalan Doa Harian,Oktober,Do'a minta ilmu yang manfaat
293,Kelas 1,Hafalan Doa Harian,November,Do'a minta ilham yang baik
294,Kelas 1,Hafalan Doa Harian,Desember,Do'a masuk dan keluar rumah
295,Kelas 1,Hafalan Doa Harian,Januari,Asmaul Husna 1 - 40
296,Kelas 1,Hafalan Doa Harian,Februari,Asmaul Husna 1 - 40
297,Kelas 1,Hafalan Doa Harian,Maret,Do'a pagi dan sore
298,Kelas 1,Hafalan Doa Harian,April,Do'a masuk dan keluar masjid
299,Kelas 1,Hafalan Doa Harian,Mei,Do'a memakai pakaian
300,Kelas 1,Hafalan Doa Harian,Juni,Do'a ketika berbuka puasa
301,Kelas 2,Hafalan Surat Al Qur'an,Juli,Surat At Takasur
302,Kelas 2,Hafalan Surat Al Qur'an,Agustus,Surat At Takasur
303,Kelas 2,Hafalan Surat Al Qur'an,September,Surat At Takasur
304,Kelas 2,Hafalan Surat Al Qur'an,Oktober,Surat Al Qoriah
305,Kelas 2,Hafalan Surat Al Qur'an,November,Surat Al Qoriah
306,Kelas 2,Hafalan Surat Al Qur'an,Desember,Surat Al Qoriah
307,Kelas 2,Hafalan Surat Al Qur'an,Januari,Surat Al Adiyat
308,Kelas 2,Hafalan Surat Al Qur'an,Februari,Surat Al Adiyat
309,Kelas 2,Hafalan Surat Al Qur'an,Maret,Surat Al Adiyat
310,Kelas 2,Hafalan Surat Al Qur'an,April,Surat Az Zalzalah
311,Kelas 2,Hafalan Surat Al Qur'an,Mei,Surat Az Zalzalah
312,Kelas 2,Hafalan Surat Al Qur'an,Juni,Surat Az Zalzalah
313,Kelas 2,Hafalan Doa Harian,Juli,Asmaul Husna 1 - 50
314,Kelas 2,Hafalan Doa Harian,Agustus,Asmaul Husna 1 - 50
315,Kelas 2,Hafalan Doa Harian,September,Do'a mohon kesabaran
316,Kelas 2,Hafalan Doa Harian,Oktober,Do'a mohon kesabaran
317,Kelas 2,Hafalan Doa Harian,November,Do'a mohon kesehatan
318,Kelas 2,Hafalan Doa Harian,Desember,Do'a mohon kesehatan
319,Kelas 2,Hafalan Doa Harian,Januari,Asmaul Husna 1 - 60
320,Kelas 2,Hafalan Doa Harian,Februari,Asmaul Husna 1 - 60
321,Kelas 2,Hafalan Doa Harian,Maret,Do'a ketika bersin
322,Kelas 2,Hafalan Doa Harian,April,Do'a ketika bersin
323,Kelas 2,Hafalan Doa Harian,Mei,Do'a ketika ada angin kencang
324,Kelas 2,Hafalan Doa Harian,Juni,Do'a ketika ada angin kencang
325,Kelas 3,Hafalan Surat Al Qur'an,Juli,Surat Al Bayinah
326,Kelas 3,Hafalan Surat Al Qur'an,Agustus,Surat Al Bayinah
327,Kelas 3,Hafalan Surat Al Qur'an,September,Surat Al Bayinah
328,Kelas 3,Hafalan Surat Al Qur'an,Oktober,Surat Al Bayinah
329,Kelas 3,Hafalan Surat Al Qur'an,November,Surat Al Bayinah
330,Kelas 3,Hafalan Surat Al Qur'an,Desember,Surat Al Bayinah
331,Kelas 3,Hafalan Surat Al Qur'an,Januari,Surat Al Qodr
332,Kelas 3,Hafalan Surat Al Qur'an,Februari,Surat Al Qodr
333,Kelas 3,Hafalan Surat Al Qur'an,Maret,Surat Al Qodr
334,Kelas 3,Hafalan Surat Al Qur'an,April,Surat Al Qodr
335,Kelas 3,Hafalan Surat Al Qur'an,Mei,Surat Al Qodr
336,Kelas 3,Hafalan Surat Al Qur'an,Juni,Surat Al Qodr
337,Kelas 3,Hafalan Doa Harian,Juli,Asmaul Husna 1 - 70
338,Kelas 3,Hafalan Doa Harian,Agustus,Asmaul Husna 1 - 70
339,Kelas 3,Hafalan Doa Harian,September,Do'a menjenguk orang sakit
340,Kelas 3,Hafalan Doa Harian,Oktober,Do'a memakai pakaian baru
341,Kelas 3,Hafalan Doa Harian,November,Do'a naik kendaraan
342,Kelas 3,Hafalan Doa Harian,Desember,Do'a mohon kesehatan
343,Kelas 3,Hafalan Doa Harian,Januari,Asmaul Husna 1 - 80
344,Kelas 3,Hafalan Doa Harian,Februari,Asmaul Husna 1 - 80
345,Kelas 3,Hafalan Doa Harian,Maret,Do'a masuk pasar
346,Kelas 3,Hafalan Doa Harian,April,Do'a berlindung dari syirik
347,Kelas 3,Hafalan Doa Harian,Mei,Do'a berlindung dari syirik
348,Kelas 3,Hafalan Doa Harian,Juni,Do'a berlindung dari siksa kubur
349,Kelas 4,Hafalan Surat Al Qur'an,Juli,Surat Al Alaq
350,Kelas 4,Hafalan Surat Al Qur'an,Agustus,Surat Al Alaq
351,Kelas 4,Hafalan Surat Al Qur'an,September,Surat Al Alaq
352,Kelas 4,Hafalan Surat Al Qur'an,Oktober,Surat At Tin
353,Kelas 4,Hafalan Surat Al Qur'an,November,Surat At Tin
354,Kelas 4,Hafalan Surat Al Qur'an,Desember,Surat At Tin
355,Kelas 4,Hafalan Surat Al Qur'an,Januari,Surat As Syarh
356,Kelas 4,Hafalan Surat Al Qur'an,Februari,Surat As Syarh
357,Kelas 4,Hafalan Surat Al Qur'an,Maret,Surat As Syarh
358,Kelas 4,Hafalan Surat Al Qur'an,April,Surat As Syarh
359,Kelas 4,Hafalan Surat Al Qur'an,Mei,Surat As Syarh
360,Kelas 4,Hafalan Surat Al Qur'an,Juni,Surat As Syarh
361,Kelas 4,Hafalan Doa Harian,Juli,Asmaul Husna 1 - 90
362,Kelas 4,Hafalan Doa Harian,Agustus,Asmaul Husna 1 - 90
363,Kelas 4,Hafalan Doa Harian,September,Do'a sujud Al Qur'an
364,Kelas 4,Hafalan Doa Harian,Oktober,Kumpulan do'a nabi Muhammad
365,Kelas 4,Hafalan Doa Harian,November,Do'a berlindung dari sifat munafiq
366,Kelas 4,Hafalan Doa Harian,Desember,Do'a berlindung dari sifat munafiq
367,Kelas 4,Hafalan Doa Harian,Januari,Asmaul Husna 1 - 99
368,Kelas 4,Hafalan Doa Harian,Februari,Asmaul Husna 1 - 99
369,Kelas 4,Hafalan Doa Harian,Maret,Do'a agar bisa bersyukur
370,Kelas 4,Hafalan Doa Harian,April,"Do'a berlindung dari jeleknya pendengaran, ucapan, dll"
371,Kelas 4,Hafalan Doa Harian,Mei,Do'a berlindung dari sifat pelit dan penakut
372,Kelas 4,Hafalan Doa Harian,Juni,Do'a berlindung dari sifat pelit dan penakut
373,Kelas 5,Hafalan Surat Al Qur'an,Juli,Surat Ad Dhuha
374,Kelas 5,Hafalan Surat Al Qur'an,Agustus,Surat Ad Dhuha
375,Kelas 5,Hafalan Surat Al Qur'an,September,Surat Ad Dhuha
376,Kelas 5,Hafalan Surat Al Qur'an,Oktober,Surat Al Lail
377,Kelas 5,Hafalan Surat Al Qur'an,November,Surat Al Lail
378,Kelas 5,Hafalan Surat Al Qur'an,Desember,Surat Al Lail
379,Kelas 5,Hafalan Surat Al Qur'an,Januari,Surat As Syams
380,Kelas 5,Hafalan Surat Al Qur'an,Februari,Surat As Syams
381,Kelas 5,Hafalan Surat Al Qur'an,Maret,Surat As Syams
382,Kelas 5,Hafalan Surat Al Qur'an,April,Surat Al Balad
383,Kelas 5,Hafalan Surat Al Qur'an,Mei,Surat Al Balad
384,Kelas 5,Hafalan Surat Al Qur'an,Juni,Surat Al Balad
385,Kelas 5,Hafalan Doa Harian,Juli,Do'a minta dimudahkan segala urusan
386,Kelas 5,Hafalan Doa Harian,Agustus,Do'a minta dimudahkan segala urusan
387,Kelas 5,Hafalan Doa Harian,September,Do'a minta dipilihkan sesuatu yang baik
388,Kelas 5,Hafalan Doa Harian,Oktober,Do'a minta dipilihkan sesuatu yang baik
389,Kelas 5,Hafalan Doa Harian,November,Do'a minta 10 kebaikan
390,Kelas 5,Hafalan Doa Harian,Desember,Do'a minta 10 kebaikan
391,Kelas 5,Hafalan Doa Harian,Januari,Do'a ketika ada petir
392,Kelas 5,Hafalan Doa Harian,Februari,Do'a ketika ada petir
393,Kelas 5,Hafalan Doa Harian,Maret,Do'a ketika ada petir
394,Kelas 5,Hafalan Doa Harian,April,Do'a perlindungan dari bencana
395,Kelas 5,Hafalan Doa Harian,Mei,Do'a perlindungan dari bencana
396,Kelas 5,Hafalan Doa Harian,Juni,Do'a perlindungan dari bencana
397,Kelas 6,Hafalan Surat Al Qur'an,Juli,Surat Al Fajr
398,Kelas 6,Hafalan Surat Al Qur'an,Agustus,Surat Al Fajr
399,Kelas 6,Hafalan Surat Al Qur'an,September,Surat Al Fajr
400,Kelas 6,Hafalan Surat Al Qur'an,Oktober,Surat Al Ghosiyah
401,Kelas 6,Hafalan Surat Al Qur'an,November,Surat Al Ghosiyah
402,Kelas 6,Hafalan Surat Al Qur'an,Desember,Surat Al Ghosiyah
403,Kelas 6,Hafalan Surat Al Qur'an,Januari,Surat Al A'la
404,Kelas 6,Hafalan Surat Al Qur'an,Februari,Surat Al A'la
405,Kelas 6,Hafalan Surat Al Qur'an,Maret,Surat Al A'la
406,Kelas 6,Hafalan Surat Al Qur'an,April,Surat At Thoriq
407,Kelas 6,Hafalan Surat Al Qur'an,Mei,Surat At Thoriq
408,Kelas 6,Hafalan Surat Al Qur'an,Juni,Surat At Thoriq
409,Kelas 6,Hafalan Doa Harian,Juli,Do'a perlindungan dari penganiayaan
410,Kelas 6,Hafalan Doa Harian,Agustus,Do'a perlindungan dari penganiayaan
411,Kelas 6,Hafalan Doa Harian,September,Do'a ketika takut pada orang kafir
412,Kelas 6,Hafalan Doa Harian,Oktober,Do'a ketika takut pada orang kafir
413,Kelas 6,Hafalan Doa Harian,November,Do'a bertempat di tempat yang baru
414,Kelas 6,Hafalan Doa Harian,Desember,Do'a ketika mimpi baik dan jelek
415,Kelas 6,Hafalan Doa Harian,Januari,Do'a minta surga firdaus
416,Kelas 6,Hafalan Doa Harian,Februari,Do'a minta surga firdaus
417,Kelas 6,Hafalan Doa Harian,Maret,Do'a pengayoman
418,Kelas 6,Hafalan Doa Harian,April,Do'a pengayoman
419,Kelas 6,Hafalan Doa Harian,Mei,Do'a maskumambang sapu jagat
420,Kelas 6,Hafalan Doa Harian,Juni,Do'a maskumambang sapu jagat
421,Kelas Paud,Mandiri,Juli,Kemandirian pribadi
422,Kelas Paud,Mandiri,Agustus,Kemandirian pribadi
423,Kelas Paud,Mandiri,September,Kemandirian pribadi
424,Kelas Paud,Mandiri,Oktober,Kemandirian dalam keluarga
425,Kelas Paud,Mandiri,November,Kemandirian dalam keluarga
426,Kelas Paud,Mandiri,Desember,Kemandirian dalam keluarga
427,Kelas Paud,Mandiri,Januari,Kemandirian dalam lingkungan Jama'ah dan sekolah
428,Kelas Paud,Mandiri,Februari,Kemandirian dalam lingkungan Jama'ah dan sekolah
429,Kelas Paud,Mandiri,Maret,Kemandirian dalam lingkungan Jama'ah dan sekolah
430,Kelas Paud,Mandiri,April,Kemandirian dalam lingkungan Jama'ah dan sekolah
431,Kelas Paud,Mandiri,Mei,Kemandirian dalam lingkungan Jama'ah dan sekolah
432,Kelas Paud,Mandiri,Juni,Kemandirian dalam lingkungan Jama'ah dan sekolah
433,Kelas 1,Mandiri,Juli,Kemandirian pribadi
434,Kelas 1,Mandiri,Agustus,Kemandirian pribadi
435,Kelas 1,Mandiri,September,Kemandirian pribadi
436,Kelas 1,Mandiri,Oktober,Kemandirian dalam keluarga
437,Kelas 1,Mandiri,November,Kemandirian dalam keluarga
438,Kelas 1,Mandiri,Desember,Kemandirian dalam keluarga
439,Kelas 1,Mandiri,Januari,Kemandirian dalam lingkungan Jama'ah dan sekolah
440,Kelas 1,Mandiri,Februari,Kemandirian dalam lingkungan Jama'ah dan sekolah
441,Kelas 1,Mandiri,Maret,Kemandirian dalam lingkungan Jama'ah dan sekolah
442,Kelas 1,Mandiri,April,Kemandirian dalam lingkungan Jama'ah dan sekolah
443,Kelas 1,Mandiri,Mei,Kemandirian dalam lingkungan Jama'ah dan sekolah
444,Kelas 1,Mandiri,Juni,Kemandirian dalam lingkungan Jama'ah dan sekolah
445,Kelas 2,Mandiri,Juli,Kemandirian pribadi
446,Kelas 2,Mandiri,Agustus,Kemandirian pribadi
447,Kelas 2,Mandiri,September,Kemandirian pribadi
448,Kelas 2,Mandiri,Oktober,Kemandirian dalam keluarga
449,Kelas 2,Mandiri,November,Kemandirian dalam keluarga
450,Kelas 2,Mandiri,Desember,Kemandirian dalam keluarga
451,Kelas 2,Mandiri,Januari,Kemandirian dalam lingkungan Jama'ah dan sekolah
452,Kelas 2,Mandiri,Februari,Kemandirian dalam lingkungan Jama'ah dan sekolah
453,Kelas 2,Mandiri,Maret,Kemandirian dalam lingkungan Jama'ah dan sekolah
454,Kelas 2,Mandiri,April,Kemandirian dalam lingkungan Jama'ah dan sekolah
455,Kelas 2,Mandiri,Mei,Kemandirian dalam lingkungan Jama'ah dan sekolah
456,Kelas 2,Mandiri,Juni,Kemandirian dalam lingkungan Jama'ah dan sekolah
457,Kelas 3,Mandiri,Juli,Kemandirian pribadi
458,Kelas 3,Mandiri,Agustus,Kemandirian pribadi
459,Kelas 3,Mandiri,September,Kemandirian pribadi
460,Kelas 3,Mandiri,Oktober,Kemandirian dalam keluarga
461,Kelas 3,Mandiri,November,Kemandirian dalam keluarga
462,Kelas 3,Mandiri,Desember,Kemandirian dalam keluarga
463,Kelas 3,Mandiri,Januari,Kemandirian dalam lingkungan Jama'ah dan sekolah
464,Kelas 3,Mandiri,Februari,Kemandirian dalam lingkungan Jama'ah dan sekolah
465,Kelas 3,Mandiri,Maret,Kemandirian dalam lingkungan Jama'ah dan sekolah
466,Kelas 3,Mandiri,April,Kemandirian dalam lingkungan Jama'ah dan sekolah
467,Kelas 3,Mandiri,Mei,Kemandirian dalam lingkungan Jama'ah dan sekolah
468,Kelas 3,Mandiri,Juni,Kemandirian dalam lingkungan Jama'ah dan sekolah
469,Kelas 4,Mandiri,Juli,Kemandirian pribadi
470,Kelas 4,Mandiri,Agustus,Kemandirian pribadi
471,Kelas 4,Mandiri,September,Kemandirian pribadi
472,Kelas 4,Mandiri,Oktober,Kemandirian dalam keluarga
473,Kelas 4,Mandiri,November,Kemandirian dalam keluarga
474,Kelas 4,Mandiri,Desember,Kemandirian dalam keluarga
475,Kelas 4,Mandiri,Januari,Kemandirian dalam lingkungan Jama'ah dan sekolah
476,Kelas 4,Mandiri,Februari,Kemandirian dalam lingkungan Jama'ah dan sekolah
477,Kelas 4,Mandiri,Maret,Kemandirian dalam lingkungan Jama'ah dan sekolah
478,Kelas 4,Mandiri,April,Kemandirian dalam lingkungan Jama'ah dan sekolah
479,Kelas 4,Mandiri,Mei,Kemandirian dalam lingkungan Jama'ah dan sekolah
480,Kelas 4,Mandiri,Juni,Kemandirian dalam lingkungan Jama'ah dan sekolah
481,Kelas 5,Mandiri,Juli,Kemandirian pribadi
482,Kelas 5,Mandiri,Agustus,Kemandirian pribadi
483,Kelas 5,Mandiri,September,Kemandirian pribadi
484,Kelas 5,Mandiri,Oktober,Kemandirian dalam keluarga
485,Kelas 5,Mandiri,November,Kemandirian dalam keluarga
486,Kelas 5,Mandiri,Desember,Kemandirian dalam keluarga
487,Kelas 5,Mandiri,Januari,Kemandirian dalam lingkungan Jama'ah dan sekolah
488,Kelas 5,Mandiri,Februari,Kemandirian dalam lingkungan Jama'ah dan sekolah
489,Kelas 5,Mandiri,Maret,Kemandirian dalam lingkungan Jama'ah dan sekolah
490,Kelas 5,Mandiri,April,Kemandirian dalam lingkungan Jama'ah dan sekolah
491,Kelas 5,Mandiri,Mei,Kemandirian dalam lingkungan Jama'ah dan sekolah
492,Kelas 5,Mandiri,Juni,Kemandirian dalam lingkungan Jama'ah dan sekolah
493,Kelas 6,Mandiri,Juli,Kemandirian pribadi
494,Kelas 6,Mandiri,Agustus,Kemandirian pribadi
495,Kelas 6,Mandiri,September,Kemandirian pribadi
496,Kelas 6,Mandiri,Oktober,Kemandirian dalam keluarga
497,Kelas 6,Mandiri,November,Kemandirian dalam keluarga
498,Kelas 6,Mandiri,Desember,Kemandirian dalam keluarga
499,Kelas 6,Mandiri,Januari,Kemandirian dalam lingkungan Jama'ah dan sekolah
500,Kelas 6,Mandiri,Februari,Kemandirian dalam lingkungan Jama'ah dan sekolah
501,Kelas 6,Mandiri,Maret,Kemandirian dalam lingkungan Jama'ah dan sekolah
502,Kelas 6,Mandiri,April,Kemandirian dalam lingkungan Jama'ah dan sekolah
503,Kelas 6,Mandiri,Mei,Kemandirian dalam lingkungan Jama'ah dan sekolah
504,Kelas 6,Mandiri,Juni,Kemandirian dalam lingkungan Jama'ah dan sekolah
505,Kelas Paud,Materi dasar keagamaan,Juli,Dasar Aqidah
506,Kelas Paud,Materi dasar keagamaan,Agustus,Dasar Aqidah
507,Kelas Paud,Materi dasar keagamaan,September,Dasar Aqidah
508,Kelas Paud,Materi dasar keagamaan,Oktober,"Rukun iman, rukun islam dan ihsan"
509,Kelas Paud,Materi dasar keagamaan,November,"Rukun iman, rukun islam dan ihsan"
510,Kelas Paud,Materi dasar keagamaan,Desember,"Rukun iman, rukun islam dan ihsan"
511,Kelas Paud,Materi dasar keagamaan,Januari,Pengertian Qu'an Hadis Jama'ah
512,Kelas Paud,Materi dasar keagamaan,Februari,Pengertian Qu'an Hadis Jama'ah
513,Kelas Paud,Materi dasar keagamaan,Maret,Pengertian Qu'an Hadis Jama'ah
514,Kelas Paud,Materi dasar keagamaan,April,Thoharoh dan Sholat
515,Kelas Paud,Materi dasar keagamaan,Mei,Thoharoh dan Sholat
516,Kelas Paud,Materi dasar keagamaan,Juni,Thoharoh dan Sholat
517,Kelas 1,Materi dasar keagamaan,Juli,Dasar Aqidah
518,Kelas 1,Materi dasar keagamaan,Agustus,"Rukun iman, rukun islam dan ihsan"
519,Kelas 1,Materi dasar keagamaan,September,Pengetahuan wajibnya taat dan haromnya maksiat
520,Kelas 1,Materi dasar keagamaan,Oktober,Pengetahuan wajibnya taat dan haromnya maksiat
521,Kelas 1,Materi dasar keagamaan,November,Pengetahuan halal dan harom
522,Kelas 1,Materi dasar keagamaan,Desember,Pengetahuan halal dan harom
523,Kelas 1,Materi dasar keagamaan,Januari,Pengertian Qu'an Hadis Jama'ah
524,Kelas 1,Materi dasar keagamaan,Februari,Pengertian Qu'an Hadis Jama'ah
525,Kelas 1,Materi dasar keagamaan,Maret,Thoharoh dan Sholat
526,Kelas 1,Materi dasar keagamaan,April,Thoharoh dan Sholat
527,Kelas 1,Materi dasar keagamaan,Mei,Puasa Romadhon
528,Kelas 1,Materi dasar keagamaan,Juni,Puasa Romadhon
529,Kelas 2,Materi dasar keagamaan,Juli,Dasar Aqidah
530,Kelas 2,Materi dasar keagamaan,Agustus,"Rukun iman, rukun islam dan ihsan"
531,Kelas 2,Materi dasar keagamaan,September,Pengetahuan wajibnya taat dan haromnya maksiat
532,Kelas 2,Materi dasar keagamaan,Oktober,Pengetahuan wajibnya taat dan haromnya maksiat
533,Kelas 2,Materi dasar keagamaan,November,Pengetahuan halal dan harom
534,Kelas 2,Materi dasar keagamaan,Desember,Pengetahuan halal dan harom
535,Kelas 2,Materi dasar keagamaan,Januari,Pengertian Qu'an Hadis Jama'ah
536,Kelas 2,Materi dasar keagamaan,Februari,Pengertian Qu'an Hadis Jama'ah
537,Kelas 2,Materi dasar keagamaan,Maret,Thoharoh dan Sholat
538,Kelas 2,Materi dasar keagamaan,April,Thoharoh dan Sholat
539,Kelas 2,Materi dasar keagamaan,Mei,Puasa Romadhon
540,Kelas 2,Materi dasar keagamaan,Juni,Puasa Romadhon
541,Kelas 3,Materi dasar keagamaan,Juli,Dasar Aqidah
542,Kelas 3,Materi dasar keagamaan,Agustus,"Rukun iman, rukun islam dan ihsan"
543,Kelas 3,Materi dasar keagamaan,September,Pengetahuan wajibnya taat dan haromnya maksiat
544,Kelas 3,Materi dasar keagamaan,Oktober,Pengetahuan halal dan harom
545,Kelas 3,Materi dasar keagamaan,November,Kemurnian ibadah
546,Kelas 3,Materi dasar keagamaan,Desember,Sholat sunah rowatib
547,Kelas 3,Materi dasar keagamaan,Januari,Pengertian Qu'an Hadis Jama'ah
548,Kelas 3,Materi dasar keagamaan,Februari,Thoharoh dan Sholat
549,Kelas 3,Materi dasar keagamaan,Maret,Puasa Romadhon
550,Kelas 3,Materi dasar keagamaan,April,"Kefadholan puasa,dan yang di perbolehkan saat puasa"
551,Kelas 3,Materi dasar keagamaan,Mei,hukum mahrom
552,Kelas 3,Materi dasar keagamaan,Juni,hukum mahrom
553,Kelas 4,Materi dasar keagamaan,Juli,Dasar Aqidah
554,Kelas 4,Materi dasar keagamaan,Agustus,Pengetahuan wajibnya taat dan haromnya maksiat
555,Kelas 4,Materi dasar keagamaan,September,Pengetahuan halal dan harom
556,Kelas 4,Materi dasar keagamaan,Oktober,Kemurnian ibadah
557,Kelas 4,Materi dasar keagamaan,November,"ilmu manqul, musnad, muttashil"
558,Kelas 4,Materi dasar keagamaan,Desember,mandi junub
559,Kelas 4,Materi dasar keagamaan,Januari,Pengertian Qu'an Hadis Jama'ah
560,Kelas 4,Materi dasar keagamaan,Februari,Puasa Romadhon
561,Kelas 4,Materi dasar keagamaan,Maret,"Kefadholan puasa,dan yang di perbolehkan saat puasa"
562,Kelas 4,Materi dasar keagamaan,April,hukum mahrom
563,Kelas 4,Materi dasar keagamaan,Mei,"hukum haid, mani, madzi, wadhi"
564,Kelas 4,Materi dasar keagamaan,Juni,Aurot
565,Kelas 5,Materi dasar keagamaan,Juli,Dasar Aqidah
566,Kelas 5,Materi dasar keagamaan,Agustus,Pengetahuan wajibnya taat dan haromnya maksiat
567,Kelas 5,Materi dasar keagamaan,September,Kemurnian ibadah
568,Kelas 5,Materi dasar keagamaan,Oktober,"Sholat sunah rowatib, dhuha, dan tahajud"
569,Kelas 5,Materi dasar keagamaan,November,"ilmu manqul, musnad, muttashil"
570,Kelas 5,Materi dasar keagamaan,Desember,mandi junub
571,Kelas 5,Materi dasar keagamaan,Januari,Pengertian Qu'an Hadis Jama'ah
572,Kelas 5,Materi dasar keagamaan,Februari,Puasa Romadhon
573,Kelas 5,Materi dasar keagamaan,Maret,"Kefadholan puasa,dan yang di perbolehkan saat puasa"
574,Kelas 5,Materi dasar keagamaan,April,hukum mahrom
575,Kelas 5,Materi dasar keagamaan,Mei,"hukum haid, mani, madzi, wadhi"
576,Kelas 5,Materi dasar keagamaan,Juni,Aurot
577,Kelas 6,Materi dasar keagamaan,Juli,Dasar Aqidah
578,Kelas 6,Materi dasar keagamaan,Agustus,Pengetahuan wajibnya taat dan haromnya maksiat
579,Kelas 6,Materi dasar keagamaan,September,Kemurnian ibadah
580,Kelas 6,Materi dasar keagamaan,Oktober,"Sholat sunah rowatib, dhuha, dan tahajud"
581,Kelas 6,Materi dasar keagamaan,November,"ilmu manqul, musnad, muttashil"
582,Kelas 6,Materi dasar keagamaan,Desember,mandi junub
583,Kelas 6,Materi dasar keagamaan,Januari,Pengertian Qu'an Hadis Jama'ah
584,Kelas 6,Materi dasar keagamaan,Februari,Puasa Romadhon
585,Kelas 6,Materi dasar keagamaan,Maret,"Kefadholan puasa,dan yang di perbolehkan saat puasa"
586,Kelas 6,Materi dasar keagamaan,April,hukum mahrom
587,Kelas 6,Materi dasar keagamaan,Mei,"hukum haid, mani, madzi, wadhi"
588,Kelas 6,Materi dasar keagamaan,Juni,Aurot
589,Kelas Paud,Praktik Ibadah,Juli,Praktik Wudhu
590,Kelas Paud,Praktik Ibadah,Agustus,Praktik Wudhu
591,Kelas Paud,Praktik Ibadah,September,Praktik Sholat
592,Kelas Paud,Praktik Ibadah,Oktober,Praktik Sholat
593,Kelas Paud,Praktik Ibadah,November,Praktik menjaga Kesucian
594,Kelas Paud,Praktik Ibadah,Desember,Praktik menjaga Kesucian
595,Kelas Paud,Praktik Ibadah,Januari,Praktik buang air kecil dan besar
596,Kelas Paud,Praktik Ibadah,Februari,Praktik buang air kecil dan besar
597,Kelas Paud,Praktik Ibadah,Maret,Praktik mensucikan najis setelah buang air
598,Kelas Paud,Praktik Ibadah,April,Praktik mensucikan najis setelah buang air
599,Kelas Paud,Praktik Ibadah,Mei,Praktik doa-doa yang dihafal
600,Kelas Paud,Praktik Ibadah,Juni,Praktik doa-doa yang dihafal
601,Kelas 1,Praktik Ibadah,Juli,Praktik Wudhu
602,Kelas 1,Praktik Ibadah,Agustus,Praktik Sholat
603,Kelas 1,Praktik Ibadah,September,Praktik menjaga Kesucian
604,Kelas 1,Praktik Ibadah,Oktober,Praktik dzikir selesai Sholat
605,Kelas 1,Praktik Ibadah,November,Praktik Puasa Romahon
606,Kelas 1,Praktik Ibadah,Desember,Praktik Puasa Romahon
607,Kelas 1,Praktik Ibadah,Januari,Praktik buang air kecil dan besar
608,Kelas 1,Praktik Ibadah,Februari,Praktik mensucikan najis setelah buang air
609,Kelas 1,Praktik Ibadah,Maret,Praktik mensucikan najis setelah buang air
610,Kelas 1,Praktik Ibadah,April,Praktik Sholat berjama'ah
611,Kelas 1,Praktik Ibadah,Mei,Praktik Sholat berjama'ah
612,Kelas 1,Praktik Ibadah,Juni,Praktik doa-doa yang dihafal
613,Kelas 2,Praktik Ibadah,Juli,Praktik Wudhu
614,Kelas 2,Praktik Ibadah,Agustus,Praktik Sholat
615,Kelas 2,Praktik Ibadah,September,Praktik menjaga Kesucian
616,Kelas 2,Praktik Ibadah,Oktober,Praktik dzikir selesai Sholat
617,Kelas 2,Praktik Ibadah,November,Praktik Puasa Romahon
618,Kelas 2,Praktik Ibadah,Desember,Praktik Puasa Romahon
619,Kelas 2,Praktik Ibadah,Januari,Praktik buang air kecil dan besar
620,Kelas 2,Praktik Ibadah,Februari,Praktik mensucikan najis setelah buang air
621,Kelas 2,Praktik Ibadah,Maret,Praktik mensucikan najis setelah buang air
622,Kelas 2,Praktik Ibadah,April,Praktik Sholat berjama'ah
623,Kelas 2,Praktik Ibadah,Mei,Praktik Sholat berjama'ah
624,Kelas 2,Praktik Ibadah,Juni,Praktik doa-doa yang dihafal
625,Kelas 3,Praktik Ibadah,Juli,Praktik Wudhu
626,Kelas 3,Praktik Ibadah,Agustus,Praktik Sholat
627,Kelas 3,Praktik Ibadah,September,Praktik menjaga Kesucian
628,Kelas 3,Praktik Ibadah,Oktober,Praktik dzikir selesai Sholat
629,Kelas 3,Praktik Ibadah,November,Praktik Puasa Romahon
630,Kelas 3,Praktik Ibadah,Desember,Praktik sholat sunah rowatib
631,Kelas 3,Praktik Ibadah,Januari,Praktik buang air kecil dan besar
632,Kelas 3,Praktik Ibadah,Februari,Praktik mensucikan najis setelah buang air
633,Kelas 3,Praktik Ibadah,Maret,Praktik Sholat berjama'ah
634,Kelas 3,Praktik Ibadah,April,Praktik doa-doa yang dihafal
635,Kelas 3,Praktik Ibadah,Mei,Praktik menjaga pergaulan laki-laki dan perempuan
636,Kelas 3,Praktik Ibadah,Juni,Praktik menjaga pergaulan laki-laki dan perempuan
637,Kelas 4,Praktik Ibadah,Juli,Praktik Wudhu
638,Kelas 4,Praktik Ibadah,Agustus,Praktik menjaga Kesucian
639,Kelas 4,Praktik Ibadah,September,Praktik dzikir selesai Sholat
640,Kelas 4,Praktik Ibadah,Oktober,Praktik Puasa Romahon
641,Kelas 4,Praktik Ibadah,November,Praktik sholat sunah rowatib
642,Kelas 4,Praktik Ibadah,Desember,Praktik Sholat Dhuha
643,Kelas 4,Praktik Ibadah,Januari,Praktik buang air kecil dan besar
644,Kelas 4,Praktik Ibadah,Februari,Praktik Sholat berjama'ah
645,Kelas 4,Praktik Ibadah,Maret,Praktik doa-doa yang dihafal
646,Kelas 4,Praktik Ibadah,April,Praktik menjaga pergaulan laki-laki dan perempuan
647,Kelas 4,Praktik Ibadah,Mei,Praktik berpakaian syar'i
648,Kelas 4,Praktik Ibadah,Juni,Praktik mandi junub
649,Kelas 5,Praktik Ibadah,Juli,Praktik Wudhu
650,Kelas 5,Praktik Ibadah,Agustus,Praktik menjaga Kesucian
651,Kelas 5,Praktik Ibadah,September,Praktik Puasa Romahon
652,Kelas 5,Praktik Ibadah,Oktober,Praktik sholat sunah rowatib
653,Kelas 5,Praktik Ibadah,November,Praktik Sholat Dhuha
654,Kelas 5,Praktik Ibadah,Desember,Praktik do'a dan Sholat malam/ tahajjud
655,Kelas 5,Praktik Ibadah,Januari,Praktik buang air kecil dan besar
656,Kelas 5,Praktik Ibadah,Februari,Praktik Sholat berjama'ah
657,Kelas 5,Praktik Ibadah,Maret,Praktik menjaga pergaulan laki-laki dan perempuan
658,Kelas 5,Praktik Ibadah,April,Praktik berpakaian syar'i
659,Kelas 5,Praktik Ibadah,Mei,Praktik mandi junub
660,Kelas 5,Praktik Ibadah,Juni,"Praktik menjaga diri dr lahan, kemaksiatan, keharoman"
661,Kelas 6,Praktik Ibadah,Juli,Praktik Wudhu
662,Kelas 6,Praktik Ibadah,Agustus,Praktik menjaga Kesucian
663,Kelas 6,Praktik Ibadah,September,Praktik Puasa Romahon
664,Kelas 6,Praktik Ibadah,Oktober,Praktik sholat sunah rowatib
665,Kelas 6,Praktik Ibadah,November,Praktik Sholat Dhuha
666,Kelas 6,Praktik Ibadah,Desember,Praktik do'a dan Sholat malam/ tahajjud
667,Kelas 6,Praktik Ibadah,Januari,Praktik buang air kecil dan besar
668,Kelas 6,Praktik Ibadah,Februari,Praktik Sholat berjama'ah
669,Kelas 6,Praktik Ibadah,Maret,Praktik menjaga pergaulan laki-laki dan perempuan
670,Kelas 6,Praktik Ibadah,April,Praktik berpakaian syar'i
671,Kelas 6,Praktik Ibadah,Mei,Praktik mandi junub
672,Kelas 6,Praktik Ibadah,Juni,"Praktik menjaga diri dr lahan, kemaksiatan, keharoman"
673,Kelas Paud,Tulis Huruf Arab,Juli,Menulis Huruf tunggal Hijaiyah
674,Kelas Paud,Tulis Huruf Arab,Agustus,Menulis Huruf tunggal Hijaiyah
675,Kelas Paud,Tulis Huruf Arab,September,Menulis Huruf tunggal Hijaiyah
676,Kelas Paud,Tulis Huruf Arab,Oktober,Menulis Huruf tunggal Hijaiyah
677,Kelas Paud,Tulis Huruf Arab,November,Menulis Huruf tunggal Hijaiyah
678,Kelas Paud,Tulis Huruf Arab,Desember,Menulis Huruf tunggal Hijaiyah
679,Kelas Paud,Tulis Huruf Arab,Januari,Menulis Angka Arab
680,Kelas Paud,Tulis Huruf Arab,Februari,Menulis Angka Arab
681,Kelas Paud,Tulis Huruf Arab,Maret,Menulis Angka Arab
682,Kelas Paud,Tulis Huruf Arab,April,Menulis Angka Arab
683,Kelas Paud,Tulis Huruf Arab,Mei,Menulis Angka Arab
684,Kelas Paud,Tulis Huruf Arab,Juni,Menulis Angka Arab
685,Kelas 1,Tulis Huruf Arab,Juli,Menulis huruf tunggal fathah
686,Kelas 1,Tulis Huruf Arab,Agustus,Menulis huruf tunggal fathah
687,Kelas 1,Tulis Huruf Arab,September,Menulis huruf tunggal fathah
688,Kelas 1,Tulis Huruf Arab,Oktober,Menulis angka arab
689,Kelas 1,Tulis Huruf Arab,November,Menulis angka arab
690,Kelas 1,Tulis Huruf Arab,Desember,Menulis angka arab
691,Kelas 1,Tulis Huruf Arab,Januari,"Menulis huruf sambung (depan, tengah, belakang)"
692,Kelas 1,Tulis Huruf Arab,Februari,"Menulis huruf sambung (depan, tengah, belakang)"
693,Kelas 1,Tulis Huruf Arab,Maret,"Menulis huruf sambung (depan, tengah, belakang)"
694,Kelas 1,Tulis Huruf Arab,April,"Menulis huruf sambung (depan, tengah, belakang)"
695,Kelas 1,Tulis Huruf Arab,Mei,"Menulis huruf sambung (depan, tengah, belakang)"
696,Kelas 1,Tulis Huruf Arab,Juni,"Menulis huruf sambung (depan, tengah, belakang)"
697,Kelas 2,Tulis Huruf Arab,Juli,Menulis rangkaian kata
698,Kelas 2,Tulis Huruf Arab,Agustus,Menulis rangkaian kata
699,Kelas 2,Tulis Huruf Arab,September,Menulis rangkaian kata
700,Kelas 2,Tulis Huruf Arab,Oktober,Menulis rangkaian kata
701,Kelas 2,Tulis Huruf Arab,November,Menulis rangkaian kata
702,Kelas 2,Tulis Huruf Arab,Desember,Menulis rangkaian kata
703,Kelas 2,Tulis Huruf Arab,Januari,Menulis kata arab baku/ potongan ayat
704,Kelas 2,Tulis Huruf Arab,Februari,Menulis kata arab baku/ potongan ayat
705,Kelas 2,Tulis Huruf Arab,Maret,Menulis kata arab baku/ potongan ayat
706,Kelas 2,Tulis Huruf Arab,April,Menulis kata arab baku/ potongan ayat
707,Kelas 2,Tulis Huruf Arab,Mei,Menulis kata arab baku/ potongan ayat
708,Kelas 2,Tulis Huruf Arab,Juni,Menulis kata arab baku/ potongan ayat
709,Kelas 3,Tulis Huruf Arab,Juli,Menulis rangkaian kata
710,Kelas 3,Tulis Huruf Arab,Agustus,Menulis rangkaian kata
711,Kelas 3,Tulis Huruf Arab,September,Menulis rangkaian kata
712,Kelas 3,Tulis Huruf Arab,Oktober,Menulis rangkaian kata
713,Kelas 3,Tulis Huruf Arab,November,Menulis rangkaian kata
714,Kelas 3,Tulis Huruf Arab,Desember,Menulis rangkaian kata
715,Kelas 3,Tulis Huruf Arab,Januari,Menulis kata arab baku/ potongan ayat
716,Kelas 3,Tulis Huruf Arab,Februari,Menulis kata arab baku/ potongan ayat
717,Kelas 3,Tulis Huruf Arab,Maret,Menulis kata arab baku/ potongan ayat
718,Kelas 3,Tulis Huruf Arab,April,Menulis kata arab baku/ potongan ayat
719,Kelas 3,Tulis Huruf Arab,Mei,Menulis kata arab baku/ potongan ayat
720,Kelas 3,Tulis Huruf Arab,Juni,Menulis kata arab baku/ potongan ayat
721,Kelas 4,Tulis Huruf Arab,Juli,Latihan makna pegon
722,Kelas 4,Tulis Huruf Arab,Agustus,Latihan makna pegon
723,Kelas 4,Tulis Huruf Arab,September,Latihan makna pegon
724,Kelas 4,Tulis Huruf Arab,Oktober,Latihan makna pegon
725,Kelas 4,Tulis Huruf Arab,November,Latihan makna pegon
726,Kelas 4,Tulis Huruf Arab,Desember,Latihan makna pegon
727,Kelas 4,Tulis Huruf Arab,Januari,Latihan makna pegon dan kode-kodenya
728,Kelas 4,Tulis Huruf Arab,Februari,Latihan makna pegon dan kode-kodenya
729,Kelas 4,Tulis Huruf Arab,Maret,Latihan makna pegon dan kode-kodenya
730,Kelas 4,Tulis Huruf Arab,April,Latihan makna pegon dan kode-kodenya
731,Kelas 4,Tulis Huruf Arab,Mei,Latihan makna pegon dan kode-kodenya
732,Kelas 4,Tulis Huruf Arab,Juni,Latihan makna pegon dan kode-kodenya
733,Kelas 5,Tulis Huruf Arab,Juli,Terampil menulis arab
734,Kelas 5,Tulis Huruf Arab,Agustus,Terampil menulis arab
735,Kelas 5,Tulis Huruf Arab,September,Terampil menulis arab
736,Kelas 5,Tulis Huruf Arab,Oktober,Terampil menulis arab
737,Kelas 5,Tulis Huruf Arab,November,Terampil menulis arab
738,Kelas 5,Tulis Huruf Arab,Desember,Terampil menulis arab
739,Kelas 5,Tulis Huruf Arab,Januari,Terampil menulis makna pegon
740,Kelas 5,Tulis Huruf Arab,Februari,Terampil menulis makna pegon
741,Kelas 5,Tulis Huruf Arab,Maret,Terampil menulis makna pegon
742,Kelas 5,Tulis Huruf Arab,April,Terampil menulis makna pegon
743,Kelas 5,Tulis Huruf Arab,Mei,Terampil menulis makna pegon
744,Kelas 5,Tulis Huruf Arab,Juni,Terampil menulis makna pegon
745,Kelas 6,Tulis Huruf Arab,Juli,Terampil menulis arab
746,Kelas 6,Tulis Huruf Arab,Agustus,Terampil menulis arab
747,Kelas 6,Tulis Huruf Arab,September,Terampil menulis arab
748,Kelas 6,Tulis Huruf Arab,Oktober,Terampil menulis arab
749,Kelas 6,Tulis Huruf Arab,November,Terampil menulis arab
750,Kelas 6,Tulis Huruf Arab,Desember,Terampil menulis arab
751,Kelas 6,Tulis Huruf Arab,Januari,Terampil menulis makna pegon
752,Kelas 6,Tulis Huruf Arab,Februari,Terampil menulis makna pegon
753,Kelas 6,Tulis Huruf Arab,Maret,Terampil menulis makna pegon
754,Kelas 6,Tulis Huruf Arab,April,Terampil menulis makna pegon
755,Kelas 6,Tulis Huruf Arab,Mei,Terampil menulis makna pegon
756,Kelas 6,Tulis Huruf Arab,Juni,Terampil menulis makna pegon
